0,6591,1:05.91
1,7846,1:18.46
2,7286,1:12.86
3,6954,1:09.54
4,8751,1:27.51
5,1251,12.51
6,817,8.17
7,745,7.45
8,756,7.56
9,742,7.42
10,11019,1:50.19
11,12225,2:02.25
12,-1,DNF
13,-1,DNF
14,12510,2:05.10
15,1602,16.02
16,1324,13.24
17,1514,15.14
18,1022,10.22
19,1268,12.68
20,980,9.80
21,2136,21.36
22,918,9.18
23,1510,15.10
24,1170,11.70
25,872,8.72
26,674,6.74
27,533,5.33
28,720,7.20
29,705,7.05
30,1335,13.35
31,838,8.38
32,932,9.32
33,1188,11.88
34,1252,12.52
35,363,3.63
36,308,3.08
37,362,3.62
38,328,3.28
39,257,2.57
40,233,2.33
41,423,4.23
42,300,3.00
43,516,5.16
44,333,3.33
45,158,1.58
46,447,4.47
47,222,2.22
48,175,1.75
49,207,2.07
50,400,4.00
51,261,2.61
52,257,2.57
53,344,3.44
54,465,4.65
55,842,8.42
56,979,9.79
57,462,4.62
58,507,5.07
59,748,7.48
60,572,5.72
61,458,4.58
62,503,5.03
63,387,3.87
64,499,4.99
65,831,8.31
66,714,7.14
67,817,8.17
68,769,7.69
69,641,6.41
70,385,3.85
71,451,4.51
72,445,4.45
73,347,3.47
74,405,4.05
75,531,5.31
76,582,5.82
77,620,6.20
78,728,7.28
79,534,5.34
80,3146,31.46
81,2083,20.83
82,1612,16.12
83,2018,20.18
84,3119,31.19
85,424,4.24
86,417,4.17
87,389,3.89
88,445,4.45
89,583,5.83
90,378,3.78
91,328,3.28
92,273,2.73
93,322,3.22
94,336,3.36
95,-1,DNF
96,490,4.90
97,544,5.44
98,570,5.70
99,549,5.49
100,1060,10.60
101,1009,10.09
102,1037,10.37
103,767,7.67
104,922,9.22
105,1048,10.48
106,1293,12.93
107,824,8.24
108,750,7.50
109,783,7.83
110,343,3.43
111,579,5.79
112,812,8.12
113,328,3.28
114,514,5.14
115,1080,10.80
116,1277,12.77
117,1463,14.63
118,1007,10.07
119,902,9.02
120,1934,19.34
121,1354,13.54
122,1387,13.87
123,3939,39.39
124,2259,22.59
125,1528,15.28
126,1200,12.00
127,1130,11.30
128,1663,16.63
129,1104,11.04
130,1745,17.45
131,1811,18.11
132,2200,22.00
133,1970,19.70
134,1754,17.54
135,572,5.72
136,825,8.25
137,878,8.78
138,1265,12.65
139,756,7.56
140,442,4.42
141,475,4.75
142,623,6.23
143,496,4.96
144,425,4.25
145,574,5.74
146,603,6.03
147,338,3.38
148,429,4.29
149,433,4.33
150,335,3.35
151,515,5.15
152,395,3.95
153,369,3.69
154,334,3.34
155,1236,12.36
156,1487,14.87
157,1396,13.96
158,5371,53.71
159,1247,12.47
160,386,3.86
161,407,4.07
162,443,4.43
163,352,3.52
164,359,3.59
165,280,2.80
166,531,5.31
167,574,5.74
168,571,5.71
169,475,4.75
170,340,3.40
171,892,8.92
172,649,6.49
173,449,4.49
174,327,3.27
175,496,4.96
176,628,6.28
177,511,5.11
178,455,4.55
179,464,4.64
180,1138,11.38
181,1496,14.96
182,886,8.86
183,1890,18.90
184,1084,10.84
185,310,3.10
186,918,9.18
187,552,5.52
188,622,6.22
189,566,5.66
190,173,1.73
191,276,2.76
192,204,2.04
193,348,3.48
194,251,2.51
195,962,9.62
196,596,5.96
197,447,4.47
198,659,6.59
199,462,4.62
200,460,4.60
201,551,5.51
202,589,5.89
203,593,5.93
204,476,4.76
205,781,7.81
206,2090,20.90
207,698,6.98
208,1843,18.43
209,874,8.74
210,1016,10.16
211,499,4.99
212,1185,11.85
213,1120,11.20
214,964,9.64
215,352,3.52
216,341,3.41
217,510,5.10
218,356,3.56
219,417,4.17
220,454,4.54
221,692,6.92
222,624,6.24
223,593,5.93
224,542,5.42
225,370,3.70
226,1153,11.53
227,936,9.36
228,864,8.64
229,857,8.57
230,609,6.09
231,421,4.21
232,364,3.64
233,416,4.16
234,355,3.55
235,386,3.86
236,532,5.32
237,649,6.49
238,412,4.12
239,517,5.17
240,472,4.72
241,412,4.12
242,503,5.03
243,657,6.57
244,555,5.55
245,4318,43.18
246,2477,24.77
247,5118,51.18
248,3588,35.88
249,6013,1:00.13
250,306,3.06
251,391,3.91
252,517,5.17
253,616,6.16
254,414,4.14
255,1414,14.14
256,1834,18.34
257,2082,20.82
258,1180,11.80
259,1285,12.85
260,207,2.07
261,462,4.62
262,317,3.17
263,458,4.58
264,248,2.48
265,668,6.68
266,784,7.84
267,970,9.70
268,603,6.03
269,835,8.35
270,363,3.63
271,487,4.87
272,436,4.36
273,317,3.17
274,422,4.22
275,814,8.14
276,661,6.61
277,1143,11.43
278,634,6.34
279,781,7.81
280,1085,10.85
281,914,9.14
282,1070,10.70
283,653,6.53
284,1292,12.92
285,152,1.52
286,620,6.20
287,322,3.22
288,462,4.62
289,190,1.90
290,-1,DNF
291,338,3.38
292,216,2.16
293,320,3.20
294,186,1.86
295,539,5.39
296,617,6.17
297,869,8.69
298,732,7.32
299,803,8.03
300,712,7.12
301,662,6.62
302,748,7.48
303,404,4.04
304,484,4.84
305,403,4.03
306,601,6.01
307,736,7.36
308,490,4.90
309,600,6.00
310,214,2.14
311,402,4.02
312,257,2.57
313,229,2.29
314,518,5.18
315,181,1.81
316,313,3.13
317,673,6.73
318,208,2.08
319,484,4.84
320,840,8.40
321,744,7.44
322,817,8.17
323,526,5.26
324,594,5.94
325,293,2.93
326,328,3.28
327,365,3.65
328,337,3.37
329,253,2.53
330,666,6.66
331,2294,22.94
332,906,9.06
333,681,6.81
334,484,4.84
335,396,3.96
336,734,7.34
337,842,8.42
338,614,6.14
339,652,6.52
340,1013,10.13
341,930,9.30
342,1434,14.34
343,1105,11.05
344,788,7.88
345,981,9.81
346,860,8.60
347,811,8.11
348,895,8.95
349,833,8.33
350,475,4.75
351,871,8.71
352,678,6.78
353,635,6.35
354,438,4.38
355,-1,DNF
356,355,3.55
357,420,4.20
358,355,3.55
359,387,3.87
360,769,7.69
361,692,6.92
362,708,7.08
363,1036,10.36
364,584,5.84
365,1838,18.38
366,1633,16.33
367,1196,11.96
368,1720,17.20
369,1378,13.78
370,207,2.07
371,209,2.09
372,254,2.54
373,719,7.19
374,195,1.95
375,691,6.91
376,-1,DNF
377,610,6.10
378,677,6.77
379,570,5.70
380,193,1.93
381,118,1.18
382,285,2.85
383,150,1.50
384,218,2.18
385,453,4.53
386,655,6.55
387,436,4.36
388,737,7.37
389,472,4.72
390,274,2.74
391,184,1.84
392,309,3.09
393,387,3.87
394,353,3.53
395,280,2.80
396,145,1.45
397,215,2.15
398,188,1.88
399,203,2.03
400,651,6.51
401,721,7.21
402,683,6.83
403,572,5.72
404,760,7.60
405,327,3.27
406,642,6.42
407,363,3.63
408,450,4.50
409,341,3.41
410,803,8.03
411,933,9.33
412,480,4.80
413,1152,11.52
414,781,7.81
415,831,8.31
416,1053,10.53
417,637,6.37
418,931,9.31
419,595,5.95
420,-1,DNF
421,1807,18.07
422,1025,10.25
423,1458,14.58
424,-1,DNF
425,6082,1:00.82
426,6922,1:09.22
427,6218,1:02.18
428,-1,DNF
429,7061,1:10.61
430,477,4.77
431,458,4.58
432,402,4.02
433,462,4.62
434,251,2.51
435,714,7.14
436,840,8.40
437,921,9.21
438,676,6.76
439,1058,10.58
440,319,3.19
441,165,1.65
442,216,2.16
443,441,4.41
444,247,2.47
445,-1,DNF
446,8482,1:24.82
447,9459,1:34.59
448,6869,1:08.69
449,8710,1:27.10
450,6768,1:07.68
451,7498,1:14.98
452,6284,1:02.84
453,7022,1:10.22
454,8220,1:22.20
455,7395,1:13.95
456,8936,1:29.36
457,7384,1:13.84
458,10939,1:49.39
459,7869,1:18.69
460,2011,20.11
461,1452,14.52
462,1916,19.16
463,2002,20.02
464,1947,19.47
465,1475,14.75
466,1214,12.14
467,1091,10.91
468,1720,17.20
469,1963,19.63
470,2121,21.21
471,1724,17.24
472,1736,17.36
473,2165,21.65
474,1948,19.48
475,3091,30.91
476,3082,30.82
477,2842,28.42
478,2077,20.77
479,2570,25.70
480,2933,29.33
481,2345,23.45
482,2371,23.71
483,2206,22.06
484,2089,20.89
485,2724,27.24
486,2765,27.65
487,2702,27.02
488,2458,24.58
489,2380,23.80
490,4270,42.70
491,3269,32.69
492,3837,38.37
493,3007,30.07
494,3599,35.99
495,3105,31.05
496,3083,30.83
497,3235,32.35
498,2872,28.72
499,3311,33.11
500,851,8.51
501,833,8.33
502,1035,10.35
503,968,9.68
504,978,9.78
505,790,7.90
506,862,8.62
507,766,7.66
508,692,6.92
509,953,9.53
510,2784,27.84
511,1503,15.03
512,1412,14.12
513,1532,15.32
514,1574,15.74
515,2191,21.91
516,1740,17.40
517,1862,18.62
518,3021,30.21
519,2289,22.89
520,2469,24.69
521,2363,23.63
522,2116,21.16
523,2480,24.80
524,2548,25.48
525,720,7.20
526,910,9.10
527,879,8.79
528,896,8.96
529,917,9.17
530,1097,10.97
531,1037,10.37
532,1058,10.58
533,1205,12.05
534,1275,12.75
535,1463,14.63
536,1665,16.65
537,1291,12.91
538,1671,16.71
539,1568,15.68
540,6520,1:05.20
541,8756,1:27.56
542,8996,1:29.96
543,10472,1:44.72
544,7411,1:14.11
545,1342,13.42
546,1343,13.43
547,1080,10.80
548,1443,14.43
549,1119,11.19
550,2708,27.08
551,2933,29.33
552,2944,29.44
553,3508,35.08
554,3643,36.43
555,1044,10.44
556,936,9.36
557,1022,10.22
558,801,8.01
559,1230,12.30
560,880,8.80
561,878,8.78
562,1119,11.19
563,902,9.02
564,822,8.22
565,868,8.68
566,838,8.38
567,776,7.76
568,700,7.00
569,645,6.45
570,715,7.15
571,922,9.22
572,781,7.81
573,927,9.27
574,693,6.93
575,5708,57.08
576,4645,46.45
577,4578,45.78
578,4606,46.06
579,4229,42.29
580,3898,38.98
581,3740,37.40
582,3899,38.99
583,3633,36.33
584,3496,34.96
585,4389,43.89
586,5001,50.01
587,5377,53.77
588,4115,41.15
589,3529,35.29
590,894,8.94
591,878,8.78
592,780,7.80
593,827,8.27
594,1051,10.51
595,4978,49.78
596,3415,34.15
597,5462,54.62
598,5974,59.74
599,5621,56.21
600,2199,21.99
601,2147,21.47
602,1959,19.59
603,2136,21.36
604,2451,24.51
605,4297,42.97
606,5763,57.63
607,4387,43.87
608,4338,43.38
609,6930,1:09.30
610,609,6.09
611,779,7.79
612,710,7.10
613,526,5.26
614,509,5.09
615,5943,59.43
616,5947,59.47
617,5142,51.42
618,4658,46.58
619,5188,51.88
620,1442,14.42
621,1427,14.27
622,1288,12.88
623,1288,12.88
624,1352,13.52
625,1722,17.22
626,1363,13.63
627,1617,16.17
628,1519,15.19
629,1232,12.32
630,4810,48.10
631,3099,30.99
632,3409,34.09
633,2523,25.23
634,2095,20.95
635,1145,11.45
636,1117,11.17
637,1502,15.02
638,1157,11.57
639,1058,10.58
640,2919,29.19
641,3001,30.01
642,2558,25.58
643,3869,38.69
644,3239,32.39
645,5677,56.77
646,5058,50.58
647,6149,1:01.49
648,4996,49.96
649,4968,49.68
650,2855,28.55
651,1908,19.08
652,2606,26.06
653,1976,19.76
654,2918,29.18
655,2369,23.69
656,2162,21.62
657,2224,22.24
658,2018,20.18
659,2425,24.25
660,4725,47.25
661,6426,1:04.26
662,4136,41.36
663,3825,38.25
664,4593,45.93
665,1001,10.01
666,772,7.72
667,705,7.05
668,1130,11.30
669,710,7.10
670,2035,20.35
671,2255,22.55
672,1889,18.89
673,2046,20.46
674,2013,20.13
675,1209,12.09
676,1461,14.61
677,1657,16.57
678,2798,27.98
679,1235,12.35
680,2712,27.12
681,3122,31.22
682,2675,26.75
683,2963,29.63
684,3384,33.84
685,5380,53.80
686,-1,DNF
687,5468,54.68
688,5623,56.23
689,5029,50.29
690,1812,18.12
691,1787,17.87
692,1348,13.48
693,1679,16.79
694,1561,15.61
695,1811,18.11
696,1812,18.12
697,1876,18.76
698,2079,20.79
699,2058,20.58
700,6254,1:02.54
701,-1,DNF
702,5415,54.15
703,5803,58.03
704,6478,1:04.78
705,1126,11.26
706,1063,10.63
707,1009,10.09
708,1230,12.30
709,1853,18.53
710,5720,57.20
711,4668,46.68
712,4597,45.97
713,6645,1:06.45
714,5335,53.35
715,4399,43.99
716,2612,26.12
717,2391,23.91
718,2004,20.04
719,3295,32.95
720,2848,28.48
721,3896,38.96
722,3080,30.80
723,3285,32.85
724,3521,35.21
725,2271,22.71
726,3748,37.48
727,1676,16.76
728,2264,22.64
729,1553,15.53
730,4961,49.61
731,4521,45.21
732,5534,55.34
733,10162,1:41.62
734,5393,53.93
735,3678,36.78
736,4039,40.39
737,3024,30.24
738,3870,38.70
739,2984,29.84
740,1116,11.16
741,916,9.16
742,-1,DNF
743,997,9.97
744,773,7.73
745,779,7.79
746,620,6.20
747,799,7.99
748,798,7.98
749,805,8.05
750,1572,15.72
751,1337,13.37
752,1089,10.89
753,1260,12.60
754,1477,14.77
755,-1,DNF
756,3069,30.69
757,2965,29.65
758,3324,33.24
759,2883,28.83
760,1294,12.94
761,1091,10.91
762,1080,10.80
763,1007,10.07
764,1155,11.55
765,-1,DNF
766,1814,18.14
767,2074,20.74
768,1848,18.48
769,1754,17.54
770,1456,14.56
771,1636,16.36
772,2370,23.70
773,1652,16.52
774,1532,15.32
775,2520,25.20
776,2055,20.55
777,-1,DNF
778,-1,DNF
779,1973,19.73
780,2140,21.40
781,3062,30.62
782,3196,31.96
783,2288,22.88
784,2158,21.58
785,4571,45.71
786,3747,37.47
787,4155,41.55
788,2331,23.31
789,4035,40.35
790,851,8.51
791,833,8.33
792,1035,10.35
793,968,9.68
794,978,9.78
795,2794,27.94
796,4091,40.91
797,2904,29.04
798,3831,38.31
799,2131,21.31
800,2517,25.17
801,2996,29.96
802,2990,29.90
803,2800,28.00
804,2501,25.01
805,2030,20.30
806,2005,20.05
807,1974,19.74
808,2127,21.27
809,1910,19.10
810,1239,12.39
811,1362,13.62
812,1521,15.21
813,1828,18.28
814,1470,14.70
815,6019,1:00.19
816,4942,49.42
817,5004,50.04
818,6225,1:02.25
819,4485,44.85
820,1063,10.63
821,961,9.61
822,1173,11.73
823,971,9.71
824,941,9.41
825,1930,19.30
826,2392,23.92
827,2593,25.93
828,2262,22.62
829,1748,17.48
830,749,7.49
831,844,8.44
832,732,7.32
833,662,6.62
834,540,5.40
835,947,9.47
836,1060,10.60
837,1031,10.31
838,1221,12.21
839,963,9.63
840,1693,16.93
841,1398,13.98
842,1688,16.88
843,1403,14.03
844,1494,14.94
845,1111,11.11
846,972,9.72
847,836,8.36
848,879,8.79
849,949,9.49
850,870,8.70
851,1390,13.90
852,1090,10.90
853,956,9.56
854,1406,14.06
855,2770,27.70
856,2127,21.27
857,2460,24.60
858,3501,35.01
859,2560,25.60
860,3257,32.57
861,2758,27.58
862,3310,33.10
863,3181,31.81
864,2756,27.56
865,2735,27.35
866,2433,24.33
867,2284,22.84
868,2328,23.28
869,2292,22.92
870,1843,18.43
871,2800,28.00
872,2620,26.20
873,2370,23.70
874,2384,23.84
875,4905,49.05
876,7486,1:14.86
877,5484,54.84
878,5576,55.76
879,6322,1:03.22
880,4329,43.29
881,4809,48.09
882,4272,42.72
883,3562,35.62
884,3651,36.51
885,2341,23.41
886,3050,30.50
887,3485,34.85
888,3235,32.35
889,3370,33.70
890,1123,11.23
891,1428,14.28
892,1230,12.30
893,1195,11.95
894,1108,11.08
895,1518,15.18
896,1551,15.51
897,1431,14.31
898,1863,18.63
899,1600,16.00
900,1174,11.74
901,1240,12.40
902,1245,12.45
903,1558,15.58
904,1301,13.01
905,1669,16.69
906,2317,23.17
907,2083,20.83
908,2389,23.89
909,1946,19.46
910,2004,20.04
911,4135,41.35
912,2391,23.91
913,2265,22.65
914,1763,17.63
915,901,9.01
916,984,9.84
917,817,8.17
918,909,9.09
919,797,7.97
920,5160,51.60
921,5539,55.39
922,6036,1:00.36
923,5651,56.51
924,7310,1:13.10
925,1194,11.94
926,1767,17.67
927,1329,13.29
928,1080,10.80
929,970,9.70
930,6659,1:06.59
931,4861,48.61
932,5346,53.46
933,5754,57.54
934,5409,54.09
935,851,8.51
936,833,8.33
937,1035,10.35
938,968,9.68
939,978,9.78
940,9525,1:35.25
941,9606,1:36.06
942,11627,1:56.27
943,14589,2:25.89
944,5317,53.17
945,6218,1:02.18
946,5448,54.48
947,5767,57.67
948,8348,1:23.48
949,3232,32.32
950,2766,27.66
951,3366,33.66
952,3578,35.78
953,3216,32.16
954,6616,1:06.16
955,7432,1:14.32
956,5098,50.98
957,4262,42.62
958,5289,52.89
959,4292,42.92
960,4230,42.30
961,4895,48.95
962,3892,38.92
963,3857,38.57
964,3472,34.72
965,3979,39.79
966,13250,2:12.50
967,12473,2:04.73
968,6344,1:03.44
969,5865,58.65
970,6286,1:02.86
971,6648,1:06.48
972,6785,1:07.85
973,6319,1:03.19
974,5305,53.05
975,6343,1:03.43
976,4740,47.40
977,5723,57.23
978,-1,DNF
979,-1,DNF
980,3527,35.27
981,4560,45.60
982,3629,36.29
983,4423,44.23
984,3732,37.32
985,10885,1:48.85
986,12122,2:01.22
987,7824,1:18.24
988,7638,1:16.38
989,8156,1:21.56
990,10110,1:41.10
991,5361,53.61
992,5410,54.10
993,5659,56.59
994,5462,54.62
995,5982,59.82
996,17633,2:56.33
997,16442,2:44.42
998,11952,1:59.52
999,11192,1:51.92
1000,8338,1:23.38
1001,6349,1:03.49
1002,7562,1:15.62
1003,7799,1:17.99
1004,3186,31.86
1005,3392,33.92
1006,2993,29.93
1007,3350,33.50
1008,4210,42.10
1009,16748,2:47.48
1010,-1,DNF
1011,2794,27.94
1012,3468,34.68
1013,3376,33.76
1014,3316,33.16
1015,2892,28.92
1016,11704,1:57.04
1017,15552,2:35.52
1018,4260,42.60
1019,4230,42.30
1020,3929,39.29
1021,4397,43.97
1022,3195,31.95
1023,5420,54.20
1024,6604,1:06.04
1025,6028,1:00.28
1026,6098,1:00.98
1027,5976,59.76
1028,5409,54.09
1029,5443,54.43
1030,5156,51.56
1031,6970,1:09.70
1032,4542,45.42
1033,2448,24.48
1034,2965,29.65
1035,3277,32.77
1036,2844,28.44
1037,3172,31.72
1038,4066,40.66
1039,5162,51.62
1040,4125,41.25
1041,4750,47.50
1042,4403,44.03
1043,7618,1:16.18
1044,5587,55.87
1045,5570,55.70
1046,7305,1:13.05
1047,5990,59.90
1048,4955,49.55
1049,5075,50.75
1050,5941,59.41
1051,6371,1:03.71
1052,4974,49.74
1053,4746,47.46
1054,5771,57.71
1055,12996,2:09.96
1056,6875,1:08.75
1057,7204,1:12.04
1058,8558,1:25.58
1059,7416,1:14.16
1060,5472,54.72
1061,5613,56.13
1062,5998,59.98
1063,5569,55.69
1064,6208,1:02.08
1065,14208,2:22.08
1066,-1,DNF
1067,-1,DNF
1068,-1,DNF
1069,6012,1:00.12
1070,5237,52.37
1071,4486,44.86
1072,4821,48.21
1073,3990,39.90
1074,4925,49.25
1075,5362,53.62
1076,4739,47.39
1077,5755,57.55
1078,4905,49.05
1079,2846,28.46
1080,3346,33.46
1081,3103,31.03
1082,3178,31.78
1083,3461,34.61
1084,3474,34.74
1085,3551,35.51
1086,3582,35.82
1087,4439,44.39
1088,3262,32.62
1089,4751,47.51
1090,4799,47.99
1091,4437,44.37
1092,4187,41.87
1093,5336,53.36
1094,4059,40.59
1095,4364,43.64
1096,4673,46.73
1097,4156,41.56
1098,3954,39.54
1099,-1,DNF
1100,12626,2:06.26
1101,3342,33.42
1102,3039,30.39
1103,4035,40.35
1104,3013,30.13
1105,4117,41.17
1106,8978,1:29.78
1107,11348,1:53.48
1108,7553,1:15.53
1109,-1,DNF
1110,9520,1:35.20
1111,8585,1:25.85
1112,3840,38.40
1113,5395,53.95
1114,4180,41.80
1115,4570,45.70
1116,4433,44.33
1117,11181,1:51.81
1118,12104,2:01.04
1119,-1,DNF
1120,14760,2:27.60
1121,3845,38.45
1122,3756,37.56
1123,3406,34.06
1124,3378,33.78
1125,3520,35.20
1126,12183,2:01.83
1127,11922,1:59.22
1128,6811,1:08.11
1129,7212,1:12.12
1130,7697,1:16.97
1131,7235,1:12.35
1132,8299,1:22.99
1133,5062,50.62
1134,3848,38.48
1135,4871,48.71
1136,5429,54.29
1137,3570,35.70
1138,8410,1:24.10
1139,6435,1:04.35
1140,7204,1:12.04
1141,8059,1:20.59
1142,7208,1:12.08
1143,7987,1:19.87
1144,12987,2:09.87
1145,3024,30.24
1146,3036,30.36
1147,3111,31.11
1148,2793,27.93
1149,2754,27.54
1150,8399,1:23.99
1151,8161,1:21.61
1152,7021,1:10.21
1153,8117,1:21.17
1154,6309,1:03.09
1155,5614,56.14
1156,7666,1:16.66
1157,5766,57.66
1158,6046,1:00.46
1159,6989,1:09.89
1160,8883,1:28.83
1161,8215,1:22.15
1162,7480,1:14.80
1163,8309,1:23.09
1164,10634,1:46.34
1165,11155,1:51.55
1166,10767,1:47.67
1167,6430,1:04.30
1168,5778,57.78
1169,6419,1:04.19
1170,6401,1:04.01
1171,6680,1:06.80
1172,-1,DNF
1173,-1,DNF
1174,15657,2:36.57
1175,-1,DNF
1176,12849,2:08.49
1177,15006,2:30.06
1178,9931,1:39.31
1179,10820,1:48.20
1180,-1,DNF
1181,-1,DNF
1182,10496,1:44.96
1183,10788,1:47.88
1184,-1,DNF
1185,13923,2:19.23
1186,11069,1:50.69
1187,12144,2:01.44
1188,16362,2:43.62
1189,15719,2:37.19
1190,17540,2:55.40
1191,16845,2:48.45
1192,15246,2:32.46
1193,12119,2:01.19
1194,11926,1:59.26
1195,9384,1:33.84
1196,-1,DNF
1197,-1,DNF
1198,-1,DNF
1199,-1,DNF
1200,11542,1:55.42
1201,13137,2:11.37
1202,13741,2:17.41
1203,13906,2:19.06
1204,5672,56.72
1205,5652,56.52
1206,5091,50.91
1207,5766,57.66
1208,5476,54.76
1209,-1,DNF
1210,15305,2:33.05
1211,3376,33.76
1212,3569,35.69
1213,3479,34.79
1214,3450,34.50
1215,3738,37.38
1216,4159,41.59
1217,3986,39.86
1218,3959,39.59
1219,4068,40.68
1220,4527,45.27
1221,7279,1:12.79
1222,8034,1:20.34
1223,9420,1:34.20
1224,9790,1:37.90
1225,9055,1:30.55
1226,15517,2:35.17
1227,17618,2:56.18
1228,1186,11.86
1229,843,8.43
1230,1084,10.84
1231,941,9.41
1232,1053,10.53
1233,1188,11.88
1234,1850,18.50
1235,1454,14.54
1236,1301,13.01
1237,1224,12.24
1238,706,7.06
1239,726,7.26
1240,963,9.63
1241,1482,14.82
1242,1314,13.14
1243,1184,11.84
1244,2708,27.08
1245,1553,15.53
1246,1645,16.45
1247,1893,18.93
1248,1346,13.46
1249,1665,16.65
1250,1601,16.01
1251,1442,14.42
1252,1208,12.08
1253,633,6.33
1254,1223,12.23
1255,653,6.53
1256,-1,DNF
1257,879,8.79
1258,-1,DNF
1259,1881,18.81
1260,1335,13.35
1261,1583,15.83
1262,2163,21.63
1263,1431,14.31
1264,2280,22.80
1265,1740,17.40
1266,1540,15.40
1267,1963,19.63
1268,2353,23.53
1269,5031,50.31
1270,6958,1:09.58
1271,3849,38.49
1272,-1,DNF
1273,1756,17.56
1274,1937,19.37
1275,1587,15.87
1276,1540,15.40
1277,1733,17.33
1278,1417,14.17
1279,-1,DNF
1280,1449,14.49
1281,1491,14.91
1282,2522,25.22
1283,757,7.57
1284,714,7.14
1285,511,5.11
1286,420,4.20
1287,694,6.94
1288,1432,14.32
1289,1002,10.02
1290,981,9.81
1291,1242,12.42
1292,1204,12.04
1293,1551,15.51
1294,1582,15.82
1295,1480,14.80
1296,2614,26.14
1297,1953,19.53
1298,2010,20.10
1299,2445,24.45
1300,2044,20.44
1301,2248,22.48
1302,1494,14.94
1303,1075,10.75
1304,1778,17.78
1305,1349,13.49
1306,1721,17.21
1307,1438,14.38
1308,1835,18.35
1309,1239,12.39
1310,1891,18.91
1311,1622,16.22
1312,1399,13.99
1313,645,6.45
1314,635,6.35
1315,534,5.34
1316,440,4.40
1317,853,8.53
1318,1311,13.11
1319,1671,16.71
1320,1271,12.71
1321,1596,15.96
1322,1885,18.85
1323,777,7.77
1324,584,5.84
1325,501,5.01
1326,685,6.85
1327,717,7.17
1328,1370,13.70
1329,1687,16.87
1330,1359,13.59
1331,1226,12.26
1332,1176,11.76
1333,687,6.87
1334,645,6.45
1335,773,7.73
1336,696,6.96
1337,1485,14.85
1338,1634,16.34
1339,1110,11.10
1340,1596,15.96
1341,1263,12.63
1342,1082,10.82
1343,222,2.22
1344,196,1.96
1345,261,2.61
1346,267,2.67
1347,297,2.97
1348,1809,18.09
1349,1142,11.42
1350,1032,10.32
1351,1281,12.81
1352,1447,14.47
1353,307,3.07
1354,342,3.42
1355,318,3.18
1356,365,3.65
1357,-1,DNF
1358,1035,10.35
1359,-1,DNF
1360,790,7.90
1361,772,7.72
1362,961,9.61
1363,1125,11.25
1364,1015,10.15
1365,1257,12.57
1366,1238,12.38
1367,958,9.58
1368,1501,15.01
1369,1042,10.42
1370,1068,10.68
1371,1629,16.29
1372,1014,10.14
1373,1069,10.69
1374,1863,18.63
1375,1445,14.45
1376,1094,10.94
1377,1583,15.83
1378,1452,14.52
1379,1037,10.37
1380,2313,23.13
1381,1670,16.70
1382,1222,12.22
1383,593,5.93
1384,657,6.57
1385,287,2.87
1386,403,4.03
1387,437,4.37
1388,1450,14.50
1389,1168,11.68
1390,931,9.31
1391,1156,11.56
1392,1059,10.59
1393,677,6.77
1394,592,5.92
1395,706,7.06
1396,647,6.47
1397,814,8.14
1398,232,2.32
1399,386,3.86
1400,351,3.51
1401,379,3.79
1402,388,3.88
1403,1534,15.34
1404,968,9.68
1405,1109,11.09
1406,1791,17.91
1407,1460,14.60
1408,669,6.69
1409,868,8.68
1410,639,6.39
1411,683,6.83
1412,998,9.98
1413,1157,11.57
1414,1156,11.56
1415,816,8.16
1416,535,5.35
1417,945,9.45
1418,792,7.92
1419,1082,10.82
1420,1175,11.75
1421,904,9.04
1422,1194,11.94
1423,1645,16.45
1424,1155,11.55
1425,1425,14.25
1426,1053,10.53
1427,1093,10.93
1428,416,4.16
1429,236,2.36
1430,431,4.31
1431,361,3.61
1432,602,6.02
1433,738,7.38
1434,781,7.81
1435,1193,11.93
1436,558,5.58
1437,969,9.69
1438,364,3.64
1439,313,3.13
1440,400,4.00
1441,712,7.12
1442,506,5.06
1443,950,9.50
1444,1352,13.52
1445,866,8.66
1446,880,8.80
1447,1619,16.19
1448,836,8.36
1449,1908,19.08
1450,1266,12.66
1451,1211,12.11
1452,1290,12.90
1453,756,7.56
1454,686,6.86
1455,620,6.20
1456,690,6.90
1457,1081,10.81
1458,4887,48.87
1459,1333,13.33
1460,3072,30.72
1461,1016,10.16
1462,3084,30.84
1463,1832,18.32
1464,1083,10.83
1465,1397,13.97
1466,1343,13.43
1467,1474,14.74
1468,1373,13.73
1469,2026,20.26
1470,3416,34.16
1471,1603,16.03
1472,2141,21.41
1473,696,6.96
1474,635,6.35
1475,616,6.16
1476,740,7.40
1477,877,8.77
1478,1752,17.52
1479,1815,18.15
1480,1566,15.66
1481,1775,17.75
1482,-1,DNF
1483,1081,10.81
1484,-1,DNF
1485,960,9.60
1486,1019,10.19
1487,1104,11.04
1488,710,7.10
1489,1616,16.16
1490,1101,11.01
1491,513,5.13
1492,751,7.51
1493,516,5.16
1494,758,7.58
1495,910,9.10
1496,871,8.71
1497,918,9.18
1498,1246,12.46
1499,1554,15.54
1500,1546,15.46
1501,690,6.90
1502,2117,21.17
1503,1258,12.58
1504,940,9.40
1505,1306,13.06
1506,574,5.74
1507,1284,12.84
1508,598,5.98
1509,939,9.39
1510,628,6.28
1511,1073,10.73
1512,844,8.44
1513,1161,11.61
1514,599,5.99
1515,1129,11.29
1516,1077,10.77
1517,1386,13.86
1518,631,6.31
1519,678,6.78
1520,554,5.54
1521,745,7.45
1522,1217,12.17
1523,1895,18.95
1524,1029,10.29
1525,1165,11.65
1526,2026,20.26
1527,2357,23.57
1528,341,3.41
1529,460,4.60
1530,511,5.11
1531,557,5.57
1532,644,6.44
1533,1332,13.32
1534,1427,14.27
1535,1563,15.63
1536,1543,15.43
1537,1467,14.67
1538,754,7.54
1539,575,5.75
1540,800,8.00
1541,443,4.43
1542,892,8.92
1543,934,9.34
1544,1120,11.20
1545,3889,38.89
1546,1197,11.97
1547,1236,12.36
1548,797,7.97
1549,936,9.36
1550,1442,14.42
1551,1325,13.25
1552,1410,14.10
1553,741,7.41
1554,2309,23.09
1555,2690,26.90
1556,2014,20.14
1557,1995,19.95
1558,901,9.01
1559,935,9.35
1560,1108,11.08
1561,668,6.68
1562,1219,12.19
1563,1461,14.61
1564,2159,21.59
1565,2166,21.66
1566,1615,16.15
1567,1983,19.83
1568,1100,11.00
1569,1901,19.01
1570,-1,DNF
1571,1727,17.27
1572,1484,14.84
1573,510,5.10
1574,1180,11.80
1575,955,9.55
1576,797,7.97
1577,679,6.79
1578,812,8.12
1579,1949,19.49
1580,1729,17.29
1581,2855,28.55
1582,1603,16.03
1583,258,2.58
1584,368,3.68
1585,269,2.69
1586,180,1.80
1587,246,2.46
1588,1240,12.40
1589,1308,13.08
1590,1644,16.44
1591,1105,11.05
1592,1443,14.43
1593,1356,13.56
1594,1027,10.27
1595,1251,12.51
1596,1190,11.90
1597,1318,13.18
1598,541,5.41
1599,492,4.92
1600,776,7.76
1601,356,3.56
1602,646,6.46
1603,858,8.58
1604,1240,12.40
1605,1720,17.20
1606,-1,DNF
1607,1706,17.06
1608,3109,31.09
1609,3628,36.28
1610,-1,DNF
1611,533,5.33
1612,746,7.46
1613,410,4.10
1614,952,9.52
1615,5341,53.41
1616,3514,35.14
1617,695,6.95
1618,773,7.73
1619,939,9.39
1620,672,6.72
1621,1099,10.99
1622,8229,1:22.29
1623,5346,53.46
1624,-1,DNF
1625,-1,DNF
1626,-1,DNF
1627,-1,DNF
1628,5256,52.56
1629,5559,55.59
1630,1895,18.95
1631,2423,24.23
1632,1819,18.19
1633,2319,23.19
1634,1650,16.50
1635,3766,37.66
1636,6475,1:04.75
1637,2750,27.50
1638,3030,30.30
1639,3813,38.13
1640,2356,23.56
1641,2699,26.99
1642,1267,12.67
1643,1312,13.12
1644,857,8.57
1645,874,8.74
1646,1514,15.14
1647,4217,42.17
1648,1201,12.01
1649,1478,14.78
1650,1198,11.98
1651,1842,18.42
1652,1646,16.46
1653,1568,15.68
1654,2254,22.54
1655,1343,13.43
1656,1754,17.54
1657,3830,38.30
1658,-1,DNF
1659,1145,11.45
1660,812,8.12
1661,785,7.85
1662,757,7.57
1663,606,6.06
1664,4051,40.51
1665,8172,1:21.72
1666,2500,25.00
1667,2556,25.56
1668,3240,32.40
1669,3677,36.77
1670,2853,28.53
1671,2622,26.22
1672,4384,43.84
1673,5766,57.66
1674,4869,48.69
1675,3972,39.72
1676,2325,23.25
1677,2428,24.28
1678,2891,28.91
1679,4028,40.28
1680,2329,23.29
1681,2689,26.89
1682,3059,30.59
1683,3663,36.63
1684,3512,35.12
1685,3056,30.56
1686,1207,12.07
1687,1860,18.60
1688,1913,19.13
1689,1993,19.93
1690,1651,16.51
1691,3146,31.46
1692,1489,14.89
1693,2013,20.13
1694,1936,19.36
1695,2570,25.70
1696,-1,DNF
1697,2805,28.05
1698,5624,56.24
1699,4983,49.83
1700,5041,50.41
1701,3046,30.46
1702,4069,40.69
1703,1636,16.36
1704,1233,12.33
1705,1706,17.06
1706,2254,22.54
1707,1513,15.13
1708,1208,12.08
1709,1780,17.80
1710,1536,15.36
1711,1146,11.46
1712,1367,13.67
1713,1786,17.86
1714,1444,14.44
1715,1187,11.87
1716,1788,17.88
1717,876,8.76
1718,1354,13.54
1719,1471,14.71
1720,-1,DNF
1721,1589,15.89
1722,1467,14.67
1723,2432,24.32
1724,1964,19.64
1725,2806,28.06
1726,-1,DNF
1727,3571,35.71
1728,1160,11.60
1729,2300,23.00
1730,1567,15.67
1731,1711,17.11
1732,1316,13.16
1733,5296,52.96
1734,5095,50.95
1735,1309,13.09
1736,1830,18.30
1737,1220,12.20
1738,1513,15.13
1739,2008,20.08
1740,976,9.76
1741,906,9.06
1742,1011,10.11
1743,871,8.71
1744,1087,10.87
1745,1962,19.62
1746,2644,26.44
1747,1826,18.26
1748,1945,19.45
1749,2073,20.73
1750,1583,15.83
1751,1077,10.77
1752,1215,12.15
1753,1189,11.89
1754,1335,13.35
1755,3316,33.16
1756,4273,42.73
1757,755,7.55
1758,866,8.66
1759,724,7.24
1760,661,6.61
1761,852,8.52
1762,1260,12.60
1763,2003,20.03
1764,1548,15.48
1765,1237,12.37
1766,1691,16.91
1767,-1,DNF
1768,8889,1:28.89
1769,1431,14.31
1770,1513,15.13
1771,1357,13.57
1772,1380,13.80
1773,1322,13.22
1774,7964,1:19.64
1775,-1,DNF
1776,2350,23.50
1777,3676,36.76
1778,3523,35.23
1779,4535,45.35
1780,2954,29.54
1781,3427,34.27
1782,4194,41.94
1783,5982,59.82
1784,-1,DNF
1785,-1,DNF
1786,6905,1:09.05
1787,4854,48.54
1788,-1,DNF
1789,4296,42.96
1790,2912,29.12
1791,3376,33.76
1792,4083,40.83
1793,5549,55.49
1794,-1,DNF
1795,-1,DNF
1796,2672,26.72
1797,2979,29.79
1798,2816,28.16
1799,-1,DNF
1800,2918,29.18
1801,1694,16.94
1802,1886,18.86
1803,1298,12.98
1804,2109,21.09
1805,1258,12.58
1806,2496,24.96
1807,1529,15.29
1808,1904,19.04
1809,2095,20.95
1810,2034,20.34
1811,6390,1:03.90
1812,-1,DNF
1813,3016,30.16
1814,3805,38.05
1815,1895,18.95
1816,1458,14.58
1817,2110,21.10
1818,1850,18.50
1819,1939,19.39
1820,3154,31.54
1821,2492,24.92
1822,3499,34.99
1823,3086,30.86
1824,3987,39.87
1825,1434,14.34
1826,1496,14.96
1827,1396,13.96
1828,1224,12.24
1829,1593,15.93
1830,2950,29.50
1831,3750,37.50
1832,4429,44.29
1833,3810,38.10
1834,4115,41.15
1835,943,9.43
1836,968,9.68
1837,847,8.47
1838,981,9.81
1839,970,9.70
1840,1350,13.50
1841,1033,10.33
1842,1142,11.42
1843,1368,13.68
1844,1237,12.37
1845,2612,26.12
1846,1958,19.58
1847,3622,36.22
1848,2344,23.44
1849,2135,21.35
1850,1179,11.79
1851,1184,11.84
1852,1269,12.69
1853,963,9.63
1854,1207,12.07
1855,2284,22.84
1856,-1,DNF
1857,1849,18.49
1858,1987,19.87
1859,1773,17.73
1860,2833,28.33
1861,2757,27.57
1862,4433,44.33
1863,3060,30.60
1864,3226,32.26
1865,1179,11.79
1866,1184,11.84
1867,1269,12.69
1868,963,9.63
1869,1207,12.07
1870,2612,26.12
1871,1958,19.58
1872,3622,36.22
1873,2344,23.44
1874,2135,21.35
1875,2833,28.33
1876,2757,27.57
1877,4433,44.33
1878,3060,30.60
1879,3226,32.26
1880,2284,22.84
1881,-1,DNF
1882,1849,18.49
1883,1987,19.87
1884,1773,17.73
1885,8369,1:23.69
1886,6924,1:09.24
1887,9166,1:31.66
1888,7832,1:18.32
1889,7583,1:15.83
1890,4792,47.92
1891,4574,45.74
1892,4883,48.83
1893,4755,47.55
1894,4014,40.14
1895,4692,46.92
1896,5282,52.82
1897,5792,57.92
1898,5698,56.98
1899,5029,50.29
1900,5387,53.87
1901,4799,47.99
1902,4976,49.76
1903,4748,47.48
1904,4582,45.82
1905,11307,1:53.07
1906,9289,1:32.89
1907,6952,1:09.52
1908,5464,54.64
1909,6178,1:01.78
1910,4987,49.87
1911,5645,56.45
1912,9321,1:33.21
1913,9703,1:37.03
1914,7870,1:18.70
1915,6746,1:07.46
1916,7830,1:18.30
1917,7420,1:14.20
1918,5930,59.30
1919,4630,46.30
1920,4148,41.48
1921,3677,36.77
1922,4176,41.76
1923,4619,46.19
1924,4868,48.68
1925,4740,47.40
1926,4943,49.43
1927,5076,50.76
1928,5387,53.87
1929,5580,55.80
1930,6061,1:00.61
1931,5293,52.93
1932,5559,55.59
1933,5197,51.97
1934,6475,1:04.75
1935,7250,1:12.50
1936,5247,52.47
1937,6098,1:00.98
1938,5706,57.06
1939,3368,33.68
1940,3285,32.85
1941,3953,39.53
1942,3145,31.45
1943,3381,33.81
1944,11977,1:59.77
1945,10907,1:49.07
1946,6018,1:00.18
1947,4726,47.26
1948,5211,52.11
1949,4216,42.16
1950,7248,1:12.48
1951,6723,1:07.23
1952,7647,1:16.47
1953,8285,1:22.85
1954,8144,1:21.44
1955,10076,1:40.76
1956,6280,1:02.80
1957,7171,1:11.71
1958,6164,1:01.64
1959,5970,59.70
1960,6356,1:03.56
1961,4136,41.36
1962,3811,38.11
1963,4006,40.06
1964,4548,45.48
1965,3519,35.19
1966,4005,40.05
1967,3718,37.18
1968,2922,29.22
1969,3450,34.50
1970,3199,31.99
1971,3634,36.34
1972,3060,30.60
1973,3500,35.00
1974,3498,34.98
1975,3436,34.36
1976,4732,47.32
1977,5241,52.41
1978,4568,45.68
1979,4003,40.03
1980,4566,45.66
1981,4413,44.13
1982,5213,52.13
1983,4251,42.51
1984,4842,48.42
1985,4449,44.49
1986,6103,1:01.03
1987,5547,55.47
1988,6154,1:01.54
1989,5512,55.12
1990,5643,56.43
1991,8971,1:29.71
1992,6753,1:07.53
1993,7314,1:13.14
1994,6883,1:08.83
1995,7645,1:16.45
1996,3912,39.12
1997,3814,38.14
1998,3429,34.29
1999,3912,39.12
2000,4349,43.49
2001,2625,26.25
2002,3240,32.40
2003,2693,26.93
2004,2972,29.72
2005,2902,29.02
2006,5787,57.87
2007,5234,52.34
2008,7244,1:12.44
2009,5711,57.11
2010,6917,1:09.17
2011,9894,1:38.94
2012,7928,1:19.28
2013,384,3.84
2014,691,6.91
2015,410,4.10
2016,564,5.64
2017,395,3.95
2018,1448,14.48
2019,841,8.41
2020,1104,11.04
2021,1952,19.52
2022,648,6.48
2023,111,1.11
2024,242,2.42
2025,185,1.85
2026,364,3.64
2027,296,2.96
2028,7278,1:12.78
2029,7587,1:15.87
2030,1624,16.24
2031,1990,19.90
2032,2892,28.92
2033,1671,16.71
2034,2633,26.33
2035,1003,10.03
2036,649,6.49
2037,578,5.78
2038,687,6.87
2039,791,7.91
2040,453,4.53
2041,433,4.33
2042,312,3.12
2043,634,6.34
2044,435,4.35
2045,405,4.05
2046,426,4.26
2047,493,4.93
2048,394,3.94
2049,411,4.11
2050,441,4.41
2051,493,4.93
2052,514,5.14
2053,527,5.27
2054,472,4.72
2055,1682,16.82
2056,1454,14.54
2057,1102,11.02
2058,1063,10.63
2059,1978,19.78
2060,606,6.06
2061,-1,DNF
2062,635,6.35
2063,519,5.19
2064,561,5.61
2065,503,5.03
2066,599,5.99
2067,447,4.47
2068,623,6.23
2069,710,7.10
2070,1406,14.06
2071,1385,13.85
2072,1025,10.25
2073,1294,12.94
2074,724,7.24
2075,1254,12.54
2076,1402,14.02
2077,1321,13.21
2078,1494,14.94
2079,961,9.61
2080,282,2.82
2081,236,2.36
2082,351,3.51
2083,330,3.30
2084,238,2.38
2085,568,5.68
2086,1060,10.60
2087,645,6.45
2088,660,6.60
2089,625,6.25
2090,2711,27.11
2091,2406,24.06
2092,1724,17.24
2093,2045,20.45
2094,1772,17.72
2095,843,8.43
2096,1014,10.14
2097,709,7.09
2098,485,4.85
2099,367,3.67
2100,2850,28.50
2101,1998,19.98
2102,4483,44.83
2103,4569,45.69
2104,5067,50.67
2105,8575,1:25.75
2106,14996,2:29.96
2107,5955,59.55
2108,4884,48.84
2109,5046,50.46
2110,304,3.04
2111,320,3.20
2112,479,4.79
2113,239,2.39
2114,418,4.18
2115,665,6.65
2116,821,8.21
2117,931,9.31
2118,641,6.41
2119,654,6.54
2120,417,4.17
2121,529,5.29
2122,-1,DNF
2123,564,5.64
2124,502,5.02
2125,361,3.61
2126,531,5.31
2127,516,5.16
2128,171,1.71
2129,366,3.66
2130,873,8.73
2131,527,5.27
2132,470,4.70
2133,272,2.72
2134,463,4.63
2135,532,5.32
2136,494,4.94
2137,452,4.52
2138,-1,DNF
2139,1217,12.17
2140,1092,10.92
2141,-1,DNF
2142,3524,35.24
2143,928,9.28
2144,922,9.22
2145,685,6.85
2146,913,9.13
2147,762,7.62
2148,699,6.99
2149,875,8.75
2150,349,3.49
2151,580,5.80
2152,427,4.27
2153,276,2.76
2154,246,2.46
2155,216,2.16
2156,228,2.28
2157,265,2.65
2158,186,1.86
2159,425,4.25
2160,396,3.96
2161,360,3.60
2162,259,2.59
2163,326,3.26
2164,442,4.42
2165,497,4.97
2166,501,5.01
2167,360,3.60
2168,702,7.02
2169,640,6.40
2170,466,4.66
2171,365,3.65
2172,308,3.08
2173,320,3.20
2174,279,2.79
2175,-1,DNF
2176,544,5.44
2177,220,2.20
2178,-1,DNF
2179,471,4.71
2180,618,6.18
2181,746,7.46
2182,291,2.91
2183,629,6.29
2184,383,3.83
2185,358,3.58
2186,665,6.65
2187,372,3.72
2188,777,7.77
2189,545,5.45
2190,182,1.82
2191,239,2.39
2192,229,2.29
2193,220,2.20
2194,146,1.46
2195,988,9.88
2196,1147,11.47
2197,1235,12.35
2198,1148,11.48
2199,1761,17.61
2200,1146,11.46
2201,1052,10.52
2202,777,7.77
2203,910,9.10
2204,398,3.98
2205,457,4.57
2206,416,4.16
2207,492,4.92
2208,463,4.63
2209,266,2.66
2210,703,7.03
2211,638,6.38
2212,762,7.62
2213,470,4.70
2214,644,6.44
2215,1060,10.60
2216,510,5.10
2217,761,7.61
2218,883,8.83
2219,1315,13.15
2220,1149,11.49
2221,1219,12.19
2222,1066,10.66
2223,704,7.04
2224,1218,12.18
2225,1352,13.52
2226,2892,28.92
2227,709,7.09
2228,586,5.86
2229,1196,11.96
2230,711,7.11
2231,1043,10.43
2232,545,5.45
2233,566,5.66
2234,420,4.20
2235,356,3.56
2236,412,4.12
2237,158,1.58
2238,311,3.11
2239,391,3.91
2240,1315,13.15
2241,1247,12.47
2242,2465,24.65
2243,1680,16.80
2244,1692,16.92
2245,330,3.30
2246,314,3.14
2247,440,4.40
2248,270,2.70
2249,527,5.27
2250,355,3.55
2251,339,3.39
2252,264,2.64
2253,353,3.53
2254,374,3.74
2255,924,9.24
2256,3243,32.43
2257,1503,15.03
2258,813,8.13
2259,1263,12.63
2260,533,5.33
2261,647,6.47
2262,517,5.17
2263,581,5.81
2264,1156,11.56
2265,1041,10.41
2266,1312,13.12
2267,930,9.30
2268,1046,10.46
2269,1433,14.33
2270,411,4.11
2271,696,6.96
2272,623,6.23
2273,641,6.41
2274,676,6.76
2275,508,5.08
2276,705,7.05
2277,919,9.19
2278,926,9.26
2279,579,5.79
2280,441,4.41
2281,467,4.67
2282,509,5.09
2283,531,5.31
2284,769,7.69
2285,251,2.51
2286,421,4.21
2287,458,4.58
2288,347,3.47
2289,352,3.52
2290,-1,DNF
2291,2182,21.82
2292,730,7.30
2293,1091,10.91
2294,647,6.47
2295,1118,11.18
2296,1349,13.49
2297,1112,11.12
2298,1094,10.94
2299,1142,11.42
2300,833,8.33
2301,1006,10.06
2302,276,2.76
2303,336,3.36
2304,443,4.43
2305,525,5.25
2306,556,5.56
2307,2288,22.88
2308,-1,DNF
2309,951,9.51
2310,949,9.49
2311,887,8.87
2312,1074,10.74
2313,616,6.16
2314,1925,19.25
2315,1666,16.66
2316,1528,15.28
2317,2037,20.37
2318,-1,DNF
2319,1242,12.42
2320,1406,14.06
2321,1029,10.29
2322,1742,17.42
2323,853,8.53
2324,1466,14.66
2325,1265,12.65
2326,1343,13.43
2327,928,9.28
2328,1028,10.28
2329,-1,DNF
2330,1007,10.07
2331,825,8.25
2332,770,7.70
2333,720,7.20
2334,1167,11.67
2335,1551,15.51
2336,1242,12.42
2337,1391,13.91
2338,1432,14.32
2339,895,8.95
2340,1263,12.63
2341,1199,11.99
2342,1177,11.77
2344,1382,13.82
2345,1276,12.76
2346,-1,DNF
2347,2502,25.02
2348,1197,11.97
2349,1537,15.37
2350,1660,16.60
2351,1840,18.40
2352,-1,DNF
2353,1653,16.53
2354,2903,29.03
2355,1419,14.19
2356,1979,19.79
2357,1860,18.60
2358,2133,21.33
2359,512,5.12
2360,1105,11.05
2361,643,6.43
2362,571,5.71
2363,567,5.67
2364,1304,13.04
2365,1283,12.83
2366,1386,13.86
2367,1296,12.96
2368,1091,10.91
2369,2277,22.77
2370,1826,18.26
2371,2076,20.76
2372,2788,27.88
2373,1545,15.45
2374,1953,19.53
2375,1698,16.98
2376,1517,15.17
2377,2279,22.79
2378,1576,15.76
2379,1376,13.76
2380,1102,11.02
2381,1544,15.44
2382,1253,12.53
2383,1182,11.82
2384,1586,15.86
2385,1779,17.79
2386,1642,16.42
2387,1836,18.36
2388,1466,14.66
2389,2863,28.63
2390,-1,DNF
2391,2084,20.84
2392,-1,DNF
2393,1466,14.66
2394,1052,10.52
2395,-1,DNF
2396,1268,12.68
2397,-1,DNF
2398,898,8.98
2399,886,8.86
2400,671,6.71
2401,719,7.19
2402,796,7.96
2403,2464,24.64
2404,2218,22.18
2405,-1,DNF
2406,2750,27.50
2407,3316,33.16
2408,-1,DNF
2409,1184,11.84
2410,1008,10.08
2411,1099,10.99
2412,1365,13.65
2413,1086,10.86
2414,1605,16.05
2415,2044,20.44
2416,2310,23.10
2417,1843,18.43
2418,1761,17.61
2419,-1,DNF
2420,839,8.39
2421,743,7.43
2422,602,6.02
2423,832,8.32
2424,-1,DNF
2425,1704,17.04
2426,-1,DNF
2427,1996,19.96
2428,-1,DNF
2429,2282,22.82
2430,2757,27.57
2431,2111,21.11
2432,2233,22.33
2433,1921,19.21
2434,2254,22.54
2435,1983,19.83
2436,2103,21.03
2437,2404,24.04
2438,1997,19.97
2439,1151,11.51
2440,1313,13.13
2441,1354,13.54
2442,1502,15.02
2443,1221,12.21
2444,1059,10.59
2445,1318,13.18
2446,940,9.40
2447,-1,DNF
2448,1088,10.88
2449,3564,35.64
2450,2737,27.37
2451,2727,27.27
2452,3473,34.73
2453,2528,25.28
2454,2139,21.39
2455,1703,17.03
2456,1770,17.70
2457,2312,23.12
2458,2134,21.34
2459,1500,15.00
2460,1490,14.90
2461,1472,14.72
2462,1507,15.07
2463,1620,16.20
2464,3318,33.18
2465,4625,46.25
2466,2960,29.60
2467,2605,26.05
2468,3900,39.00
2469,3578,35.78
2470,4816,48.16
2471,3153,31.53
2472,6468,1:04.68
2473,3409,34.09
2474,2748,27.48
2475,2611,26.11
2476,2388,23.88
2477,3457,34.57
2478,3081,30.81
2479,4730,47.30
2480,4263,42.63
2481,4253,42.53
2482,3771,37.71
2483,4238,42.38
2484,2789,27.89
2485,2851,28.51
2486,3141,31.41
2487,2344,23.44
2488,2046,20.46
2489,2006,20.06
2490,1776,17.76
2491,2323,23.23
2492,2310,23.10
2493,1642,16.42
2494,2804,28.04
2495,2241,22.41
2496,2076,20.76
2497,2189,21.89
2498,2091,20.91
2499,2358,23.58
2500,1694,16.94
2501,1769,17.69
2502,2032,20.32
2503,1176,11.76
2504,3704,37.04
2505,5422,54.22
2506,2996,29.96
2507,3303,33.03
2508,3550,35.50
2509,1841,18.41
2510,2078,20.78
2511,1797,17.97
2512,1605,16.05
2513,2128,21.28
2514,3831,38.31
2515,2891,28.91
2516,3247,32.47
2517,2811,28.11
2518,3505,35.05
2519,3793,37.93
2520,3683,36.83
2521,4265,42.65
2522,2617,26.17
2523,4373,43.73
2524,2894,28.94
2525,2983,29.83
2526,2795,27.95
2527,2690,26.90
2528,2433,24.33
2529,-1,DNF
2530,8988,1:29.88
2531,2866,28.66
2532,2177,21.77
2533,2758,27.58
2534,1981,19.81
2535,2288,22.88
2536,-1,DNF
2537,-1,DNF
2538,1220,12.20
2539,1381,13.81
2540,1644,16.44
2541,1515,15.15
2542,1705,17.05
2543,7134,1:11.34
2544,5209,52.09
2545,6789,1:07.89
2546,8649,1:26.49
2547,-1,DNF
2548,-1,DNF
2549,8094,1:20.94
2550,5293,52.93
2551,3364,33.64
2552,2995,29.95
2553,3103,31.03
2554,2548,25.48
2555,2688,26.88
2556,4984,49.84
2557,-1,DNF
2558,1954,19.54
2559,2441,24.41
2560,2280,22.80
2561,2481,24.81
2562,2520,25.20
2563,1666,16.66
2564,1896,18.96
2565,1639,16.39
2566,1477,14.77
2567,1744,17.44
2568,3920,39.20
2569,3696,36.96
2570,3932,39.32
2571,3650,36.50
2572,2992,29.92
2573,2305,23.05
2574,1915,19.15
2575,2776,27.76
2576,2487,24.87
2577,2451,24.51
2578,4221,42.21
2579,3581,35.81
2580,5970,59.70
2581,3921,39.21
2582,5027,50.27
2583,1360,13.60
2584,1473,14.73
2585,1663,16.63
2586,1250,12.50
2587,1149,11.49
2588,1945,19.45
2589,1802,18.02
2590,1931,19.31
2591,1592,15.92
2592,1905,19.05
2593,2132,21.32
2594,3617,36.17
2595,2570,25.70
2596,2627,26.27
2597,2414,24.14
2598,4922,49.22
2599,4084,40.84
2600,4727,47.27
2601,4345,43.45
2602,4237,42.37
2603,1979,19.79
2604,1947,19.47
2605,1928,19.28
2606,1919,19.19
2607,1620,16.20
2608,848,8.48
2609,772,7.72
2610,953,9.53
2611,928,9.28
2612,933,9.33
2613,1913,19.13
2614,-1,DNF
2615,1811,18.11
2616,2684,26.84
2617,2173,21.73
2618,1348,13.48
2619,1063,10.63
2620,1177,11.77
2621,1833,18.33
2622,1023,10.23
2623,3211,32.11
2624,-1,DNF
2625,4328,43.28
2626,2994,29.94
2627,2869,28.69
2628,8484,1:24.84
2629,7847,1:18.47
2630,9855,1:38.55
2631,7962,1:19.62
2632,16870,2:48.70
2633,3650,36.50
2634,4166,41.66
2635,3752,37.52
2636,4675,46.75
2637,3297,32.97
2638,644,6.44
2639,831,8.31
2640,780,7.80
2641,792,7.92
2642,923,9.23
2643,1586,15.86
2644,1531,15.31
2645,1687,16.87
2646,1269,12.69
2647,1380,13.80
2648,1197,11.97
2649,1277,12.77
2650,1209,12.09
2651,1723,17.23
2652,1141,11.41
2653,1497,14.97
2654,1820,18.20
2655,1539,15.39
2656,1639,16.39
2657,2084,20.84
2658,1695,16.95
2659,1460,14.60
2660,1387,13.87
2661,1275,12.75
2662,1297,12.97
2663,9025,1:30.25
2664,9462,1:34.62
2665,9927,1:39.27
2666,9529,1:35.29
2667,12088,2:00.88
2668,1122,11.22
2669,1365,13.65
2670,1614,16.14
2671,1795,17.95
2672,1345,13.45
2673,1940,19.40
2674,2021,20.21
2675,2317,23.17
2676,1818,18.18
2677,1484,14.84
2678,3567,35.67
2679,2389,23.89
2680,2570,25.70
2681,2937,29.37
2682,2661,26.61
2683,998,9.98
2684,1288,12.88
2685,1072,10.72
2686,920,9.20
2687,1074,10.74
2688,3768,37.68
2689,3760,37.60
2690,4592,45.92
2691,4064,40.64
2692,4343,43.43
2693,887,8.87
2694,961,9.61
2695,832,8.32
2696,2012,20.12
2697,1131,11.31
2698,1749,17.49
2699,1403,14.03
2700,1623,16.23
2701,1793,17.93
2702,1857,18.57
2703,932,9.32
2704,1190,11.90
2705,1346,13.46
2706,1463,14.63
2707,888,8.88
2708,5891,58.91
2709,3428,34.28
2710,3516,35.16
2711,4636,46.36
2712,4388,43.88
2713,1325,13.25
2714,1436,14.36
2715,943,9.43
2716,1543,15.43
2717,1284,12.84
2718,5098,50.98
2719,3795,37.95
2720,3533,35.33
2721,4204,42.04
2722,4435,44.35
2723,8979,1:29.79
2724,9772,1:37.72
2725,7242,1:12.42
2726,9980,1:39.80
2727,7428,1:14.28
2728,1329,13.29
2729,1192,11.92
2730,1209,12.09
2731,1421,14.21
2732,1345,13.45
2733,3460,34.60
2734,3033,30.33
2735,3095,30.95
2736,3712,37.12
2737,2236,22.36
2738,3023,30.23
2739,2024,20.24
2740,2192,21.92
2741,3119,31.19
2742,2206,22.06
2743,3033,30.33
2744,2540,25.40
2745,3522,35.22
2746,3347,33.47
2747,2474,24.74
2748,1609,16.09
2749,1260,12.60
2750,1794,17.94
2751,1449,14.49
2752,1330,13.30
2753,1361,13.61
2754,1032,10.32
2755,1045,10.45
2756,1170,11.70
2757,1288,12.88
2758,892,8.92
2759,824,8.24
2760,1063,10.63
2761,1207,12.07
2762,1273,12.73
2763,4316,43.16
2764,2712,27.12
2765,3043,30.43
2766,2898,28.98
2767,3290,32.90
2768,914,9.14
2769,589,5.89
2770,998,9.98
2771,909,9.09
2772,809,8.09
2773,1799,17.99
2774,1205,12.05
2775,1467,14.67
2776,1020,10.20
2777,1568,15.68
2778,6116,1:01.16
2779,7137,1:11.37
2780,6888,1:08.88
2781,6986,1:09.86
2782,6011,1:00.11
2783,846,8.46
2784,708,7.08
2785,859,8.59
2786,1284,12.84
2787,811,8.11
2788,5902,59.02
2789,7212,1:12.12
2790,4636,46.36
2791,11859,1:58.59
2792,5384,53.84
2793,10102,1:41.02
2794,10366,1:43.66
2795,7825,1:18.25
2796,8767,1:27.67
2797,9744,1:37.44
2798,2953,29.53
2799,2438,24.38
2800,2930,29.30
2801,2827,28.27
2802,2395,23.95
2803,3371,33.71
2804,4229,42.29
2805,3299,32.99
2806,3935,39.35
2807,3993,39.93
2808,1333,13.33
2809,1338,13.38
2810,1173,11.73
2811,1096,10.96
2812,1553,15.53
2813,2749,27.49
2814,2853,28.53
2815,4454,44.54
2816,3368,33.68
2817,3766,37.66
2818,4821,48.21
2819,6546,1:05.46
2820,4551,45.51
2821,5267,52.67
2822,3530,35.30
2823,6011,1:00.11
2824,-1,DNF
2825,5459,54.59
2826,5490,54.90
2827,5110,51.10
2828,17103,2:51.03
2829,13535,2:15.35
2830,22680,3:46.80
2831,17299,2:52.99
2832,19520,3:15.20
2833,4228,42.28
2834,3548,35.48
2835,6654,1:06.54
2836,4797,47.97
2837,5778,57.78
2838,14243,2:22.43
2839,15255,2:32.55
2840,20300,3:23.00
2841,29426,4:54.26
2842,11942,1:59.42
2843,2982,29.82
2844,2836,28.36
2845,-1,DNF
2846,2993,29.93
2847,2526,25.26
2848,1380,13.80
2849,2204,22.04
2850,2023,20.23
2851,2026,20.26
2852,1513,15.13
2853,1487,14.87
2854,1297,12.97
2855,1910,19.10
2856,1301,13.01
2857,1749,17.49
2858,6999,1:09.99
2859,5832,58.32
2860,7563,1:15.63
2861,6124,1:01.24
2862,5943,59.43
2863,726,7.26
2864,804,8.04
2865,1380,13.80
2866,839,8.39
2867,966,9.66
2868,976,9.76
2869,906,9.06
2870,1011,10.11
2871,871,8.71
2872,1087,10.87
2873,1309,13.09
2874,1830,18.30
2875,1220,12.20
2876,1513,15.13
2877,2008,20.08
2878,1583,15.83
2879,1077,10.77
2880,1215,12.15
2881,1189,11.89
2882,1335,13.35
2883,4543,45.43
2884,4578,45.78
2885,5773,57.73
2886,5661,56.61
2888,1350,13.50
2889,1033,10.33
2890,1142,11.42
2891,1368,13.68
2892,1237,12.37
2893,1434,14.34
2894,1496,14.96
2895,1396,13.96
2896,1224,12.24
2897,1593,15.93
2898,943,9.43
2899,968,9.68
2900,847,8.47
2901,981,9.81
2902,970,9.70
2903,1962,19.62
2904,2644,26.44
2905,1826,18.26
2906,1945,19.45
2907,2073,20.73
2908,2403,24.03
2909,2105,21.05
2910,2794,27.94
2911,4307,43.07
2912,3290,32.90
2913,1070,10.70
2914,1291,12.91
2915,906,9.06
2916,1058,10.58
2917,1392,13.92
2918,6390,1:03.90
2919,-1,DNF
2920,6907,1:09.07
2921,5561,55.61
2922,3154,31.54
2923,2492,24.92
2924,3499,34.99
2925,3086,30.86
2926,3987,39.87
2927,3016,30.16
2928,3805,38.05
2929,1694,16.94
2930,1886,18.86
2931,1298,12.98
2932,2109,21.09
2933,1258,12.58
2934,1895,18.95
2935,1458,14.58
2936,2110,21.10
2937,1850,18.50
2938,1939,19.39
2939,2496,24.96
2940,1529,15.29
2941,1904,19.04
2942,2095,20.95
2943,2034,20.34
2944,-1,DNF
2945,-1,DNF
2946,5982,59.82
2947,-1,DNF
2948,2672,26.72
2949,2979,29.79
2950,2816,28.16
2951,-1,DNF
2952,2918,29.18
2953,4296,42.96
2954,2912,29.12
2955,3376,33.76
2956,4083,40.83
2957,5549,55.49
2958,-1,DNF
2959,6905,1:09.05
2960,2350,23.50
2961,3676,36.76
2962,3523,35.23
2963,4535,45.35
2964,2954,29.54
2965,4854,48.54
2966,-1,DNF
2967,3427,34.27
2968,4194,41.94
2969,7964,1:19.64
2970,-1,DNF
2971,1260,12.60
2972,2003,20.03
2973,1548,15.48
2974,1237,12.37
2975,1691,16.91
2976,1431,14.31
2977,1513,15.13
2978,1357,13.57
2979,1380,13.80
2980,1322,13.22
2981,-1,DNF
2982,8889,1:28.89
2983,755,7.55
2984,866,8.66
2985,724,7.24
2986,661,6.61
2987,852,8.52
2988,1354,13.54
2989,1471,14.71
2990,-1,DNF
2991,1589,15.89
2992,1467,14.67
2993,3316,33.16
2994,4273,42.73
2995,2432,24.32
2996,1964,19.64
2997,2806,28.06
2998,-1,DNF
2999,3571,35.71
3000,5296,52.96
3001,5095,50.95
3002,1590,15.90
3003,1730,17.30
3004,1652,16.52
3005,1403,14.03
3006,1352,13.52
3007,1160,11.60
3008,2300,23.00
3009,1567,15.67
3010,1711,17.11
3011,1316,13.16
3012,1005,10.05
3013,1095,10.95
3014,1069,10.69
3015,1389,13.89
3016,1026,10.26
3017,2203,22.03
3018,1796,17.96
3019,2112,21.12
3020,1828,18.28
3021,1796,17.96
3022,1662,16.62
3023,1117,11.17
3024,1120,11.20
3025,1103,11.03
3026,1119,11.19
3027,2574,25.74
3028,2894,28.94
3029,1918,19.18
3030,2353,23.53
3031,2648,26.48
3032,4593,45.93
3033,6741,1:07.41
3034,5053,50.53
3035,4157,41.57
3036,4213,42.13
3037,-1,DNF
3038,6370,1:03.70
3039,8628,1:26.28
3040,4573,45.73
3041,5733,57.33
3042,2017,20.17
3043,1351,13.51
3044,1398,13.98
3045,1767,17.67
3046,1339,13.39
3047,1462,14.62
3048,1302,13.02
3049,1502,15.02
3050,1469,14.69
3051,1143,11.43
